Codi_Barri,shannon_index
45,0.687027863446311
23,0.5288402125919239
61,0.5810116441918528
43,0.5325565015299825
49,0.24150178284102544
59,0.6634034896431253
12,0.40138485284551956
48,0.37587229309491427
65,0.6224438229177232
71,0.6082115267231953
31,0.751842727994865
40,0.5027129767100776
70,0.9957149135233696
9,0.7252960117493887
37,0.6225972404888748
16,0.6211174288644367
56,0.46557018307114645
33,0.5878968323735737
35,0.6350392694604657
27,0.5483902282176983
34,0.6040573383218478
54,0.6914494603078333
47,0.22148651800788455
30,0.5042983162362008
6,0.7445861844480398
5,0.7977410382781753
1,1.5513395302580328
28,0.5605137680664207
46,0.8915405919389202
29,0.616888756563275
62,0.6149688496487519
22,0.512088223896297
73,0.528525883747416
26,0.5130410084938316
41,0.4193325116619678
72,0.520363943071527
53,0.8254475475134007
69,0.6970592057742352
63,0.6158688874801561
19,0.5166651217646319
25,0.4967933741024616
44,0.580288958946945
14,0.7906623122691763
21,0.6571571325208322
20,0.5067973188127761
50,0.8791335935488914
3,1.101883107659424
24,0.4709883953204619
13,0.6503722985751488
18,0.7566402761410074
52,0.6630312872944601
68,0.7169079937518197
60,0.38526591430549023
32,0.5727117142942801
42,0.6197912005627682
11,1.1678017614172205
15,0.8897778356098552
17,0.7686470961972814
36,0.2884713672303176
57,1.1649971559815058
51,0.8094123050767823
8,0.7844761795523563
4,1.3719068758143351
66,0.818283084688838
10,0.832795573194077
67,0.6176258524840073
39,0.5507240338715971
58,0.4609664269772823
2,1.4274298757767845
38,0.5895835145664919
7,0.7528895775252724
55,1.1820426239639124
64,0.6808059870986444
