Codi_Barri,shannon_index
53,0.8576459892264667
8,0.8486607090745553
26,0.5619825409759708
35,0.6305465261147577
56,0.5511675289616293
37,0.6436303562536807
12,0.2927236382487411
28,0.5892893386655506
39,0.5950811880262895
36,0.2946650474370888
21,0.7419803035681836
69,0.7411868083954019
17,0.7743257448642458
22,0.5554134807624247
5,0.8743960399515118
58,0.5028895884951875
40,0.5244390063785019
20,0.5274594501314536
1,1.5682470015494183
64,0.7196874620130499
30,0.5532745380427613
33,0.5916083929524306
13,0.6815282725918916
63,0.6517505407853307
15,0.9309681049741233
43,0.5463214645606468
48,0.4098830047904648
65,0.6485792170584147
57,1.1021336207362487
11,1.1788197330703907
3,1.1850605186231618
70,1.0516712443366505
55,1.1797820084980244
49,0.2327287740537256
19,0.5220528544723906
66,0.8806757706455965
45,0.7130976733308446
7,0.8535846455922169
71,0.6320622867686191
50,0.8951578888665369
59,0.6369710154400128
27,0.5537600665257805
2,1.5595426791728308
6,0.7942836961185168
67,0.6335699478378701
46,0.889572263669384
31,0.8047980427183055
51,0.8380345444449148
14,0.8128124955941805
68,0.7222863830634051
29,0.6299634046491889
52,0.7110313514843156
4,1.4380103126976393
47,0.311899321504602
34,0.6333487019592825
42,0.34255607670060273
25,0.5445049110461324
72,0.593918967513301
23,0.5524182004287683
61,0.5882999446168242
32,0.585842508251274
10,0.8847008154607843
73,0.5660131971467355
9,0.7586115080867241
38,0.6115079049555058
24,0.45084705719816437
18,0.7518074684175254
54,0.7185122740626861
44,0.6165240680471822
60,0.3994295281654431
41,0.41481238268327614
16,0.6202280069447451
62,0.6137025541573152
