Codi_Barri,shannon_index
49,0.22710819806587076
54,0.6569158583778082
51,0.8045784226980486
25,0.5085433972387495
66,0.8311868872025775
73,0.5303142316887096
17,0.7541751950405469
42,0.42176969828762434
40,0.47916224322892254
43,0.5235872482657017
57,1.0897713384016943
44,0.5885028411180325
7,0.7929215566837586
13,0.6506199778820463
39,0.521469550766169
23,0.5158249536786634
21,0.6624252702432122
14,0.7813697855632216
4,1.377406277187425
69,0.6846508946017978
52,0.6573829905490092
36,0.2652138742272598
37,0.5969003379542421
6,0.7496690460719888
16,0.5970932493340838
65,0.615899639792796
2,1.4689654930679203
70,0.9892661925789809
11,1.1454285192706084
72,0.5334135718884722
18,0.7262246496042156
19,0.4950076377813796
33,0.5771177992457894
38,0.5564307220137271
28,0.560590685155282
45,0.6559294251424882
63,0.6192463791754728
46,0.8544875154339011
41,0.3677308820476579
22,0.5073731033954247
29,0.5998295873014029
35,0.6049229191128522
9,0.7129690505455041
12,0.2813820180234224
15,0.880245615031722
56,0.5287173984023313
32,0.5560739614647097
55,1.1463200112783274
8,0.7890397273759612
67,0.5899245735665881
68,0.6935200839619357
1,1.5415900491565595
20,0.49488535653986754
50,0.8620872214339319
64,0.6795899657540984
48,0.3749944078679059
26,0.5163347192572302
59,0.6188946193517014
60,0.36789717349970275
61,0.5639104295912554
10,0.8376382817132744
62,0.5914518014165939
31,0.7594666757005907
5,0.8071704301866686
34,0.5873427021673328
53,0.8209850566092486
27,0.5389072243326303
24,0.41470137197659024
3,1.1174615623684048
47,0.297386985761702
71,0.609748189515615
58,0.45348342336875186
30,0.5230735602504532
