Codi_Barri,shannon_index
66,0.8195131001523092
59,0.6090961171736372
35,0.599295915418792
71,0.585174532553239
16,0.5824992994378021
19,0.49395632672276424
9,0.7098938976416024
30,0.5194408394966687
49,0.20543183600080245
41,0.3759876534605898
4,1.3820249913443476
65,0.6035231904495564
12,0.3023574498165649
67,0.5996987144977753
13,0.6390738914127163
23,0.5027950363944917
63,0.6067292043355201
43,0.5113675398216807
56,0.5171834081233992
26,0.5087188028114796
42,0.47957534205057256
54,0.6366169293476048
55,1.1579603674010317
25,0.48663875924508665
70,0.9700772365042802
27,0.5371201505595273
29,0.6066883617517953
21,0.6326639743925564
72,0.502247302462944
64,0.6741320582357022
31,0.7403745233641771
50,0.8530896332021702
48,0.36078849043578576
32,0.5399525801900616
20,0.5025436741004207
3,1.1135094753929822
58,0.4522842304431748
5,0.794952938102092
62,0.6001298687049396
53,0.8205784506525498
61,0.5699568970683946
34,0.600436911558163
40,0.48273727823056956
10,0.8227959706244758
60,0.3705690659778815
22,0.504334290758549
39,0.4880847200876756
46,0.8615264460618564
11,1.1402014840811387
14,0.7830081269272701
17,0.7387029603060334
52,0.6366973991934503
8,0.7666644611034032
36,0.2712421573267556
69,0.6841198408797533
45,0.6444901850264759
33,0.5689705177578849
28,0.545507055099993
7,0.7681112594695703
38,0.5507473544578948
51,0.7742795597055534
44,0.5673066956962579
68,0.6967366563419788
15,0.8637042238088358
47,0.2811777178869468
1,1.5185384062431164
18,0.7177728275644176
57,1.0972504962091056
37,0.5836485683099608
73,0.5180443561009678
24,0.48192978225971034
6,0.7269087272672148
2,1.429405159474557
